XNames,MB,LB,PC,CU
10-20,0.16,0.12195122,0.14285714,0.10280374
20-50,0.30666667,0.23170732,0.45238095,0.31775701
50-80,0.38666667,0.40243902,0.27380952,0.42056075
80-100,0.14666667,0.24390244,0.13095238,0.1588785