BarNames,MB,LB,PC,CU
Churn,0.17117117,0.23423423,0.45945946,0.13513514
Non-churn,0.26168224,0.19626168,0.12149533,0.42056075
