K,LVAE,CF-LVAE,PMF,Random
10,0.092,0.114,0.0054,0.00003
20,0.081,0.0932,0.0049,0.000035
50,0.053,0.071,0.0051,0.000021
70,0.047,0.0625,0.00434,0.0000182
100,0.036,0.041,0.0034,0.00001
200,0.031,0.038,0.0028,0.000034
400,0.029,0.028,0.0022,0.0000082
600,0.024,0.0234,0.0013,0.000026
800,0.012,0.0123,0.001,0.000028
